{
  "mappedPoints": [
    {
      "easting": 586507.605,
      "northing": 6307980.932
    },
    {
      "easting": 581674.183,
      "northing": 6299705.478
    },
    {
      "easting": 536351.09,
      "northing": 6221124.565
    },
    {
      "easting": 486954.632,
      "northing": 6192299.715
    }
  ],
  "flipSum": [
    "157.626715 km",
    "148.026715 km",
    "57.156660 km"
  ],
  "distance": "157.626715 km",
  "legsSum": [
    "9.600000 km",
    "100.470055 km",
    "157.626715 km"
  ],
  "legs": [
    "9.600000 km",
    "90.870055 km",
    "57.156660 km"
  ],
  "mappedZones": [
    {
      "lngZone": 55,
      "latZone": "H"
    }
  ]
}
